Log Entry,Timestamp,Log Entry Type,Data,Time_s
0,1001,MSG,Controlling something...,1.001
202,2001,MSG,Controlling something...,2.001
404,3001,MSG,Controlling something...,3.001
606,4001,MSG,Controlling something...,4.001
808,5001,MSG,Controlling something...,5.001
1010,6001,MSG,Controlling something...,6.001
1212,7001,MSG,Controlling something...,7.001
1414,8001,MSG,Controlling something...,8.001
1616,9001,MSG,Controlling something...,9.001
1818,10001,MSG,Controlling something...,10.001
2020,11001,MSG,Controlling something...,11.001
2222,12001,MSG,Controlling something...,12.001
2424,13001,MSG,Controlling something...,13.001
2626,14001,MSG,Controlling something...,14.001
2828,15001,MSG,Controlling something...,15.001
3030,16001,MSG,Controlling something...,16.001
3232,17001,MSG,Controlling something...,17.001
3434,18001,MSG,Controlling something...,18.001
3636,19001,MSG,Controlling something...,19.001
3838,20001,MSG,Controlling something...,20.001
4040,21001,MSG,Controlling something...,21.001
4242,22001,MSG,Controlling something...,22.001
4444,23001,MSG,Controlling something...,23.001
4646,24001,MSG,Controlling something...,24.001
4848,25001,MSG,Controlling something...,25.001
